1453953660,121.250000,121.250000,
1453953720,121.657500,121.657500,
1453953780,121.793333,121.793333,
1453953840,121.861250,121.861250,
1453953900,121.903000,121.903000,
1453953960,121.930000,121.930000,
1453954020,122.065833,121.949286,
1453954080,122.002500,121.916250,
1453954140,121.939167,121.890556,
1453954200,121.875833,121.870000,
1453954260,121.811667,121.853182,
1453954320,121.748333,121.839167,
1453954380,121.685000,121.827308,
1453954440,121.685000,121.817143,
1453954500,121.685000,121.808333,
1453954560,121.685000,121.800625,
1453954620,121.685000,121.793824,
1453954680,121.685000,121.787778,
1453954740,121.685000,121.782368,
1453954800,121.677500,121.775250,
1453954860,121.670000,121.768810,
1453954920,121.662500,121.787381,
1453954980,121.655000,121.767143,
1453955040,121.647500,121.746905,
1453955100,121.640000,121.726667,
1453955160,121.640000,121.706190,
1453955220,121.525455,121.656341,
1453955220,121.640000,121.685952,
1453955280,121.525455,121.635610,
1453955280,121.640000,121.665714,
1453955340,121.525455,121.633415,
1453955340,121.640000,121.663571,
1453955400,121.525455,121.631220,
1453955400,121.640000,121.661429,
1453955460,121.525455,121.629024,
1453955460,121.640000,121.659286,
1453955520,121.525455,121.626829,
1453955520,121.640000,121.657143,
1453955580,121.525455,121.624634,
1453955580,121.640000,121.655000,
1453955640,121.525455,121.622439,
1453955640,121.640000,121.652857,
1453955700,121.525455,121.620244,
1453955700,121.640000,121.650714,
1453955760,121.525455,121.618049,
1453955760,121.640000,121.648571,
1453955820,121.525455,121.615854,
1453955820,121.640000,121.646429,
1453955880,121.525455,121.613659,
1453955880,121.640000,121.644286,
1453955940,121.525455,121.611463,
1453955940,121.640000,121.642143,
1453956000,121.525455,121.609268,
1453956000,121.640000,121.640000,
1453956060,121.525455,121.609268,
1453956060,121.640000,121.640000,
1453956120,121.525455,121.609268,
1453956120,121.640000,121.640000,
1453956180,121.525455,121.609268,
1453956180,121.640000,121.640000,
1453956240,121.525455,121.609268,
1453956240,121.640000,121.640000,
1453956300,121.525455,121.609268,
1453956300,121.640000,121.640000,
1453956360,121.525455,121.609268,
1453956360,121.640000,121.640000,
1453956420,121.525455,121.609268,
1453956420,121.640000,121.640000,
1453956480,121.525455,121.609268,
1453956480,121.640000,121.640000,
1453956540,121.525455,121.609268,
1453956540,121.640000,121.640000,
1453956600,121.525455,121.609268,
1453956600,121.640000,121.640000,
1453956660,121.525455,121.609268,
1453956660,121.640000,121.640000,
1453956720,121.525455,121.609268,
1453956720,121.640000,121.640000,
1453956780,121.525455,121.609268,
1453956780,121.640000,121.640000,
1453956840,121.525455,121.609268,
1453956840,121.640000,121.640000,
1453956900,121.525455,121.609268,
1453956900,121.640000,121.640000,
1453956960,121.525455,121.609268,
1453956960,121.640000,121.640000,
1453957020,121.525455,121.609268,
1453957020,121.640000,121.640000,
1453957080,121.525455,121.609268,
1453957080,121.640000,121.640000,
1453957140,121.525455,121.609268,
1453957140,121.640000,121.640000,
1453957200,121.525455,121.609268,
1453957200,121.640000,121.640000,
1453957260,121.525455,121.609268,
1453957260,121.640000,121.640000,
1453957320,121.525455,121.609268,
1453957320,121.640000,121.640000,
1453957380,121.524545,121.609024,
1453957380,121.639167,121.639762,
1453957440,121.524545,121.609024,
1453957440,121.639167,121.639762,
1453957500,121.524545,121.609024,
1453957500,121.639167,121.639762,
1453957560,121.524545,121.609024,
1453957560,121.638333,121.639524,
1453957620,121.523636,121.608780,
1453957620,121.637500,121.639286,
1453957680,121.522727,121.608537,
1453957680,121.636667,121.639048,
1453957740,121.522727,121.608293,
1453957740,121.636667,121.638810,
1453957800,121.521818,121.608049,
1453957800,121.635833,121.638571,
1453957860,121.520909,121.607805,
1453957860,121.635000,121.638333,
1453957920,121.520909,121.607561,
1453957920,121.635000,121.638095,
1453957980,121.520909,121.607317,
1453957980,121.635000,121.637857,
1453958040,121.520909,121.607073,
1453958040,121.635000,121.637619,
1453958100,121.508182,121.603415,
1453958100,121.623333,121.634048,
1453958160,121.496364,121.600000,
1453958160,121.612500,121.630714,
1453958220,121.484545,121.596585,
1453958220,121.601667,121.627381,
1453958280,121.472727,121.593171,
1453958280,121.590833,121.624048,
1453958340,121.460909,121.589756,
1453958340,121.580000,121.620714,
1453958400,121.449091,121.586341,
1453958400,121.569167,121.617381,
1453958460,121.450000,121.582927,
1453958460,121.570000,121.614048,
1453958520,121.450000,121.579512,
1453958520,121.570000,121.610714,
1453958580,121.450000,121.576098,
1453958580,121.570000,121.607381,
1453958640,121.450000,121.572927,
1453958640,121.570000,121.604286,
1453958700,121.450000,121.569512,
1453958700,121.562500,121.598810,
1453958760,121.441818,121.563902,
1453958760,121.555000,121.593333,
1453958820,121.433636,121.558537,
1453958820,121.547500,121.588095,
1453958880,121.425455,121.553171,
1453958880,121.540000,121.582857,
1453958940,121.417273,121.547805,
1453958940,121.532500,121.577619,
1453959000,121.409091,121.542439,
1453959000,121.525000,121.572381,
1453959060,121.409091,121.537073,
1453959060,121.525000,121.567143,
1453959120,121.409091,121.531707,
1453959120,121.525000,121.561905,
1453959180,121.409091,121.526341,
1453959180,121.525000,121.556667,
1453959240,121.409091,121.520976,
1453959240,121.525000,121.551429,
1453959300,121.409091,121.515610,
1453959300,121.525000,121.546190,
1453959360,121.409091,121.513659,
1453959360,121.525000,121.544286,
1453959420,121.409091,121.511463,
1453959420,121.525000,121.542143,
1453959480,121.409091,121.509268,
1453959480,121.525000,121.540000,
1453959540,121.409091,121.507073,
1453959540,121.525000,121.537857,
1453959600,121.409091,121.504878,
1453959600,121.525000,121.535714,
1453959660,121.380000,121.494878,
1453959660,121.498333,121.525952,
1453959720,121.350909,121.484878,
1453959720,121.471667,121.516190,
1453959780,121.321818,121.474878,
1453959780,121.445000,121.506429,
1453959840,121.292727,121.464878,
1453959840,121.418333,121.496667,
1453959900,121.263636,121.454878,
1453959900,121.391667,121.486905,
1453959960,121.234545,121.447073,
1453959960,121.365000,121.479286,
1453960020,121.234545,121.439268,
1453960020,121.365000,121.471667,
1453960080,121.234545,121.431463,
1453960080,121.365000,121.464048,
1453960140,121.234545,121.423659,
1453960140,121.365000,121.456429,
1453960200,121.234545,121.415854,
1453960200,121.365000,121.448810,
1453960260,121.234545,121.408049,
1453960260,121.365000,121.441190,
1453960320,121.234545,121.400244,
1453960320,121.365000,121.433571,
1453960380,121.234545,121.392439,
1453960380,121.365000,121.425952,
1453960440,121.234545,121.384634,
1453960440,121.365000,121.418333,
1453960500,121.234545,121.376829,
1453960500,121.365000,121.410714,
1453960560,121.234545,121.369024,
1453960560,121.365000,121.403095,
1453960620,121.234545,121.361220,
1453960620,121.365000,121.395476,
1453960680,121.234545,121.353415,
1453960680,121.365000,121.387857,
1453960740,121.234545,121.345610,
1453960740,121.365000,121.380238,
1453960800,121.234545,121.337805,
1453960800,121.365000,121.372619,
1453960860,121.234545,121.330000,
1453960860,121.365000,121.365000,
1453960920,121.234545,121.330000,
1453960920,121.365000,121.365000,
1453960980,121.234545,121.330000,
1453960980,121.365000,121.365000,
1453961040,121.234545,121.330000,
1453961040,121.365000,121.365000,
1453961100,121.234545,121.330000,
1453961100,121.365000,121.365000,
1453961160,121.234545,121.330000,
1453961160,121.365000,121.365000,
1453961220,121.234545,121.330000,
1453961220,121.365000,121.365000,
1453961280,121.234545,121.330000,
1453961280,121.365000,121.365000,
1453961340,121.234545,121.330000,
1453961340,121.365000,121.365000,
1453961400,121.234545,121.330000,
1453961400,121.365000,121.365000,
1453961460,121.234545,121.330000,
1453961460,121.365000,121.365000,
1453961520,121.234545,121.330000,
1453961520,121.365000,121.365000,
1453961580,121.234545,121.330000,
1453961580,121.365000,121.365000,
1453961640,121.234545,121.330000,
1453961640,121.365000,121.365000,
1453961700,121.234545,121.330000,
1453961700,121.365000,121.365000,
1453961760,121.234545,121.330000,
1453961760,121.365000,121.365000,
1453961820,121.234545,121.330000,
1453961820,121.365000,121.365000,
1453961880,121.331818,121.356098,
1453961880,121.454167,121.390476,
1453961940,121.430000,121.382439,
1453961940,121.544167,121.416190,
1453962000,121.528182,121.408780,
1453962000,121.634167,121.441905,
1453962060,121.626364,121.435122,
1453962060,121.724167,121.467619,
1453962120,121.724545,121.461463,
1453962120,121.814167,121.493333,
1453962180,121.822727,121.487805,
1453962180,121.904167,121.519048,
1453962240,121.823636,121.514146,
1453962240,121.905000,121.544762,
1453962300,121.823636,121.540488,
1453962300,121.905000,121.570476,
1453962360,121.823636,121.566829,
1453962360,121.905000,121.596190,
1453962420,121.823636,121.593171,
1453962420,121.905000,121.621905,
1453962480,121.823636,121.619512,
1453962480,121.900833,121.646429,
1453962540,121.819091,121.644634,
1453962540,121.896667,121.670952,
1453962600,121.814545,121.669756,
1453962600,121.892500,121.695476,
1453962660,121.810000,121.694878,
1453962660,121.888333,121.720000,
1453962720,121.805455,121.720000,
1453962720,121.884167,121.744524,
1453962780,121.800909,121.745122,
1453962780,121.880000,121.769048,
1453962840,121.800909,121.770244,
1453962840,121.880000,121.793571,
1453962900,121.800909,121.795366,
1453962900,121.875833,121.816905,
1453962960,121.796364,121.819268,
1453962960,121.871667,121.840238,
1453963020,121.791818,121.843171,
1453963020,121.867500,121.863571,
1453963080,121.786364,121.866829,
1453963080,121.862500,121.886667,
1453963140,121.781818,121.864634,
1453963140,121.858333,121.884524,
1453963200,121.777273,121.862195,
1453963200,121.854167,121.882143,
1453963260,121.777273,121.859756,
1453963260,121.854167,121.879762,
1453963320,121.777273,121.857317,
1453963320,121.854167,121.877381,
1453963380,121.777273,121.854878,
1453963380,121.854167,121.875000,
1453963440,121.778182,121.852439,
1453963440,121.855000,121.872619,
1453963500,121.778182,121.850000,
1453963500,121.855000,121.870238,
1453963560,121.598182,121.799268,
1453963560,121.686667,121.819762,
1453963620,121.415455,121.747805,
1453963620,121.519167,121.769524,
1453963680,121.232727,121.696341,
1453963680,121.351667,121.719286,
1453963740,121.050000,121.646098,
1453963740,121.184167,121.670238,
1453963800,120.867273,121.595854,
1453963800,121.016667,121.621190,
1453963860,120.684545,121.545610,
1453963860,120.849167,121.572143,
1453963920,120.685455,121.495366,
1453963920,120.850000,121.523095,
1453963980,120.685455,121.445122,
1453963980,120.850833,121.474286,
1453964040,120.686364,121.395122,
1453964040,120.850833,121.425238,
1453964100,120.686364,121.344878,
1453964100,120.850833,121.376190,
1453964160,120.793636,121.324634,
1453964160,120.949167,121.356429,
1453964220,120.900909,121.304390,
1453964220,121.047500,121.336667,
1453964280,121.008182,121.284146,
1453964280,121.145833,121.316905,
1453964340,121.114545,121.264146,
1453964340,121.243333,121.297381,
1453964400,121.221818,121.243902,
1453964400,121.341667,121.277619,
1453964460,121.329091,121.223659,
1453964460,121.440000,121.257857,
1453964520,121.329091,121.203415,
1453964520,121.440000,121.238095,
1453964580,121.329091,121.183171,
1453964580,121.440000,121.218333,
1453964640,121.329091,121.162927,
1453964640,121.440000,121.198571,
1453964700,121.332727,121.143659,
1453964700,121.443333,121.179762,
1453964760,121.336364,121.124390,
1453964760,121.446667,121.160952,
1453964820,121.340000,121.154390,
1453964820,121.450000,121.190238,
1453964880,121.343636,121.184146,
1453964880,121.453333,121.219286,
1453964940,121.347273,121.213902,
1453964940,121.401667,121.232619,
1453965000,121.290909,121.227561,
1453965000,121.331667,121.240714,
1453965060,121.210909,121.235854,
1453965060,121.258333,121.248810,
1453965120,121.130909,121.244146,
1453965120,121.185000,121.256905,
1453965180,121.050909,121.252439,
1453965180,121.111667,121.265000,
1453965240,120.970909,121.260488,
1453965240,121.038333,121.272857,
1453965300,120.950909,121.268780,
1453965300,121.020000,121.280952,
1453965360,120.950909,121.277073,
1453965360,121.020000,121.289048,
1453965420,120.950909,121.256585,
1453965420,121.020000,121.269048,
1453965480,120.950909,121.236098,
1453965480,121.020000,121.249048,
1453965540,120.950909,121.215610,
1453965540,121.020000,121.229048,
1453965600,120.950909,121.195122,
1453965600,121.020000,121.209048,
1453965660,120.950909,121.174634,
1453965660,121.020000,121.189048,
1453965720,120.950909,121.154146,
1453965720,121.020000,121.169048,
1453965780,120.950909,121.133659,
1453965780,121.020000,121.149048,
1453965840,120.950909,121.113171,
1453965840,121.020000,121.129048,
1453965900,120.950909,121.092683,
1453965900,121.020000,121.109048,
1453965960,120.950909,121.071220,
1453965960,121.020000,121.088095,
1453966020,120.950909,121.049756,
1453966020,121.020000,121.067143,
1453966080,120.950909,121.028293,
1453966080,121.020000,121.046190,
1453966140,120.950909,121.006829,
1453966140,121.020000,121.025238,
1453966200,120.950909,121.001463,
1453966200,121.020000,121.020000,
1453966260,120.950909,121.001463,
1453966260,121.020000,121.020000,
1453966320,120.950909,121.001463,
1453966320,121.020000,121.020000,
1453966380,120.950909,121.001463,
1453966380,121.020000,121.020000,
1453966440,120.950909,121.001463,
1453966440,121.020000,121.020000,
1453966500,120.950909,121.001463,
1453966500,121.020000,121.020000,
1453966560,120.950909,121.001463,
1453966560,121.020000,121.020000,
1453966620,120.950909,121.001463,
1453966620,121.020000,121.020000,
1453966680,120.950909,121.001463,
1453966680,121.020000,121.020000,
1453966740,120.950909,121.001463,
1453966740,121.020000,121.020000,
1453966800,120.950909,121.001463,
1453966800,121.020000,121.020000,
1453966860,120.950909,121.001463,
1453966860,121.020000,121.020000,
1453966920,120.950909,121.001463,
1453966920,121.020000,121.020000,
1453966980,120.950909,121.001463,
1453966980,121.020000,121.020000,
1453967040,120.950909,121.001463,
1453967040,121.020000,121.020000,
1453967100,120.950909,121.001463,
1453967100,121.020000,121.020000,
1453967160,120.950909,121.001463,
1453967160,121.020000,121.020000,
1453967220,120.950909,121.001463,
1453967220,121.020000,121.020000,
1453967280,120.950909,121.001463,
1453967280,121.020000,121.020000,
1453967340,120.950909,121.001463,
1453967340,121.020000,121.020000,
1453967400,120.950909,121.001463,
1453967400,121.020000,121.020000,
1453967460,120.950909,121.001463,
1453967460,121.020000,121.020000,
1453967520,120.950909,121.001463,
1453967520,121.020000,121.020000,
1453967580,120.950909,121.001463,
1453967580,121.020000,121.020000,
1453967640,120.950909,121.001463,
1453967640,121.020000,121.020000,
1453967700,120.950909,121.001463,
1453967700,121.020000,121.020000,
1453967760,120.950909,121.001463,
1453967760,121.020000,121.020000,
1453967820,120.950909,121.001463,
1453967820,121.020000,121.020000,
1453967880,120.950909,121.001463,
1453967880,121.020000,121.020000,
1453967940,120.950909,121.001463,
1453967940,121.020000,121.020000,
1453968000,120.950909,121.001463,
1453968000,121.020000,121.020000,
1453968060,120.950909,121.001463,
1453968060,121.020000,121.020000,
1453968120,120.950909,121.001463,
1453968120,121.020000,121.020000,
1453968180,120.950909,121.001463,
1453968180,121.020000,121.020000,
1453968240,120.950909,121.001463,
1453968240,121.020000,121.020000,
1453968300,120.950909,121.001463,
1453968300,121.020000,121.020000,
1453968360,120.950909,121.001463,
1453968360,121.020000,121.020000,
1453968420,120.950909,121.001463,
1453968420,121.020000,121.020000,
1453968480,120.950909,121.001463,
1453968480,121.020000,121.020000,
1453968540,120.973636,121.007561,
1453968540,121.040833,121.025952,
1453968600,120.996364,121.013659,
1453968600,121.061667,121.031905,
1453968660,121.019091,121.019756,
1453968660,121.082500,121.037857,
1453968720,121.041818,121.025854,
1453968720,121.103333,121.043810,
1453968780,121.064545,121.031951,
1453968780,121.124167,121.049762,
1453968840,121.087273,121.038049,
1453968840,121.163333,121.060952,
1453968900,121.107273,121.049512,
1453968900,121.181667,121.072143,
1453968960,121.126364,121.060732,
1453968960,121.199167,121.083095,
1453969020,121.146364,121.072195,
1453969020,121.217500,121.094286,
1453969080,121.166364,121.083659,
1453969080,121.235833,121.105476,
1453969140,121.186364,121.095122,
1453969140,121.254167,121.116667,
1453969200,121.186364,121.106585,
1453969200,121.254167,121.127857,
1453969260,121.186364,121.118049,
1453969260,121.254167,121.139048,
1453969320,121.187273,121.129512,
1453969320,121.255000,121.150238,
1453969380,121.187273,121.140976,
1453969380,121.255000,121.161429,
1453969440,121.187273,121.152439,
1453969440,121.254167,121.172381,
1453969500,121.186364,121.163659,
1453969500,121.253333,121.183333,
1453969560,121.185455,121.174878,
1453969560,121.252500,121.194286,
1453969620,121.184545,121.186098,
1453969620,121.251667,121.205238,
1453969680,121.183636,121.197317,
1453969680,121.250833,121.216190,
1453969740,121.181818,121.208293,
1453969740,121.249167,121.226905,
1453969800,121.180909,121.213171,
1453969800,121.248333,121.231667,
1453969860,121.180000,121.218049,
1453969860,121.185833,121.218810,
1453969920,121.111818,121.204878,
1453969920,121.123333,121.205952,
1453969980,121.044545,121.191951,
1453969980,121.061667,121.193333,
1453970040,120.977273,121.179024,
1453970040,121.000000,121.180714,
1453970100,120.910909,121.160732,
1453970100,120.939167,121.162857,
1453970160,120.844545,121.142439,
1453970160,120.878333,121.145000,
1453970220,120.845455,121.124390,
1453970220,120.879167,121.127381,
1453970280,120.846364,121.106098,
1453970280,120.880000,121.109524,
1453970340,120.846364,121.087805,
1453970340,120.849167,121.082857,
1453970400,120.812727,121.060488,
1453970400,120.818333,121.056190,
1453970460,120.779091,121.033171,
1453970460,120.787500,121.029524,
1453970520,120.745455,121.005854,
1453970520,120.756667,121.002857,
1453970580,120.713636,120.979024,
1453970580,120.727500,120.976667,
1453970640,120.681818,120.952195,
1453970640,120.698333,120.950476,
1453970700,120.683636,120.925610,
1453970700,120.700000,120.924524,
1453970760,120.685455,120.899024,
1453970760,120.701667,120.898571,
1453970820,120.687273,120.872439,
1453970820,120.703333,120.872619,
1453970880,120.689091,120.845854,
1453970880,120.705000,120.846667,
1453970940,120.689091,120.819268,
1453970940,120.735833,120.829524,
1453971000,120.722727,120.801951,
1453971000,120.766667,120.812619,
1453971060,120.756364,120.784634,
1453971060,120.797500,120.795714,
1453971120,120.814545,120.791951,
1453971120,120.850833,120.802857,
1453971180,120.873636,120.799512,
1453971180,120.905000,120.810238,
1453971240,120.932727,120.806829,
1453971240,120.959167,120.817381,
1453971300,120.960000,120.814634,
1453971300,120.984167,120.825000,
1453971360,120.987273,120.822439,
1453971360,121.009167,120.832619,
1453971420,121.014545,120.830244,
1453971420,121.034167,120.840238,
1453971480,121.017273,120.838049,
1453971480,121.036667,120.847857,
1453971540,121.019091,120.845854,
1453971540,121.038333,120.855476,
1453971600,121.020909,120.862683,
1453971600,121.077500,120.882619,
1453971660,121.102727,120.901463,
1453971660,121.152500,120.920476,
1453971720,121.185455,120.940488,
1453971720,121.228333,120.958571,
1453971780,121.268182,120.979512,
1453971780,121.304167,120.996667,
1453971840,121.350909,121.018049,
1453971840,121.380000,121.034286,
1453971900,121.433636,121.056585,
1453971900,121.455833,121.071905,
1453971960,121.475455,121.095122,
1453971960,121.494167,121.109524,
1453972020,121.476364,121.133659,
1453972020,121.495000,121.147143,
1453972080,121.476364,121.172195,
1453972080,121.495000,121.184762,
1453972140,121.476364,121.210732,
1453972140,121.495000,121.222381,
1453972200,121.476364,121.240244,
1453972200,121.495000,121.251190,
1453972260,121.476364,121.269756,
1453972260,121.495000,121.280000,
1453972320,121.476364,121.299268,
1453972320,121.495000,121.308810,
1453972380,121.476364,121.322195,
1453972380,121.495000,121.331190,
1453972440,121.476364,121.344878,
1453972440,121.495000,121.353333,
1453972500,121.476364,121.367561,
1453972500,121.495000,121.375476,
1453972560,121.476364,121.389756,
1453972560,121.495000,121.397143,
1453972620,121.476364,121.411951,
1453972620,121.495000,121.418810,
1453972680,121.476364,121.434146,
1453972680,121.495000,121.440476,
1453972740,121.476364,121.456341,
1453972740,121.495000,121.462143,
1453972800,121.495455,121.483659,
1453972800,121.529167,121.493571,
1453972860,121.532727,121.504878,
1453972860,121.563333,121.514286,
1453972920,121.570000,121.515122,
1453972920,121.597500,121.524286,
1453972980,121.611818,121.526341,
1453972980,121.635833,121.535238,
1453973040,121.654545,121.537805,
1453973040,121.675000,121.546429,
1453973100,121.697273,121.549268,
1453973100,121.714167,121.557619,
1453973160,121.701818,121.560488,
1453973160,121.718333,121.568571,
1453973220,121.701818,121.570488,
1453973220,121.718333,121.578333,
1453973280,121.701818,121.580488,
1453973280,121.689167,121.579762,
1453973340,121.640000,121.575122,
1453973340,121.631667,121.574286,
1453973400,121.575455,121.569268,
1453973400,121.571667,121.568333,
1453973460,121.590000,121.584634,
1453973460,121.640000,121.599048,
1453973520,121.653636,121.612927,
1453973520,121.696667,121.626190,
1453973580,121.719091,121.640488,
1453973580,121.754167,121.652381,
1453973640,121.830909,121.671951,
1453973640,121.866667,121.685952,
1453973700,121.969091,121.703415,
1453973700,121.986667,121.714762,
1453973760,122.079091,121.726829,
1453973760,122.060833,121.730000,
1453973820,122.045455,121.749268,
1453973820,122.048333,121.757143,
1453973880,122.053636,121.779268,
1453973880,122.064167,121.788810,
1453973940,122.061818,121.808293,
1453973940,122.065833,121.815476,
1453974000,122.033636,121.835122,
1453974000,122.034167,121.840000,
1453974060,121.999091,121.845366,
1453974060,121.986667,121.845476,
1453974120,121.996364,121.850244,
1453974120,121.985833,121.850714,
1453974180,121.956364,121.857317,
1453974180,121.948333,121.857381,
1453974240,121.915455,121.867561,
1453974240,121.932500,121.873571,
1453974300,121.937273,121.889268,
1453974300,121.965833,121.898571,
1453974360,121.980909,121.914634,
1453974360,122.006667,121.923571,
1453974420,122.031818,121.932683,
1453974420,122.028333,121.934048,
1453974480,122.057273,121.944878,
1453974480,122.051667,121.945952,
1453974540,122.072727,121.964390,
1453974540,122.057500,121.962619,
1453974600,122.044545,121.990244,
1453974600,122.040833,121.990476,
1453974660,122.002727,122.022195,
1453974660,122.010000,122.023810,
1453974720,121.964545,122.017561,
1453974720,121.970833,122.018095,
1453974780,121.990000,122.018537,
1453974780,122.009167,122.023333,
1453974840,122.048182,122.029512,
1453974840,122.075833,122.037857,
1453974900,122.119091,122.032683,
1453974900,122.128333,122.037381,
1453974960,122.185455,122.043902,
1453974960,122.209167,122.054048,
1453975020,122.243636,122.071951,
1453975020,122.253333,122.078810,
1453975080,122.276364,122.078537,
1453975080,122.260833,122.078810,
1453975140,122.265455,122.076341,
1453975140,122.259167,122.079048,
1453975200,122.234545,122.082439,
1453975200,122.237500,122.086905,
1453975260,122.221818,122.087805,
1453975260,122.215000,122.089048,
1453975320,122.150909,122.099756,
1453975320,122.142500,122.098571,
1453975380,122.079091,122.106098,
1453975380,122.062500,122.100714,
1453975440,122.030909,122.104146,
1453975440,122.012500,122.097143,
1453975500,121.958182,122.089512,
1453975500,121.945000,122.082619,
1453975560,121.882727,122.067561,
1453975560,121.882500,122.063095,
1453975620,121.833636,122.044634,
1453975620,121.829167,122.038333,
1453975680,121.790909,122.036585,
1453975680,121.796667,122.032381,
1453975740,121.780909,122.029268,
1453975740,121.780833,122.023333,
1453975800,121.787273,122.025610,
1453975800,121.794167,122.021905,
1453975860,121.805455,122.020488,
1453975860,121.812500,122.017381,
1453975920,121.796364,122.007073,
1453975920,121.793333,122.001190,
1453975980,121.793636,121.992439,
1453975980,121.785833,121.985476,
1453976040,121.778182,121.970976,
1453976040,121.780833,121.967143,
1453976100,121.781818,121.943171,
1453976100,121.782500,121.939524,
1453976160,121.760000,121.920488,
1453976160,121.755833,121.915476,
1453976220,121.730909,121.884390,
1453976220,121.732500,121.881190,
1453976280,121.731818,121.855122,
1453976280,121.734167,121.852857,
1453976340,121.723636,121.834634,
1453976340,121.712500,121.828810,
1453976400,121.683636,121.805610,
1453976400,121.676667,121.800714,
1453976460,121.643636,121.772927,
1453976460,121.636667,121.767857,
1453976520,121.616364,121.747561,
1453976520,121.613333,121.743571,
1453976580,121.599091,121.729024,
1453976580,121.610000,121.729048,
1453976640,121.587273,121.720244,
1453976640,121.593333,121.718810,
1453976700,121.604545,121.714878,
1453976700,121.610000,121.713810,
1453976760,121.617273,121.709268,
1453976760,121.622500,121.708571,
1453976820,121.613636,121.692927,
1453976820,121.596667,121.686190,
1453976880,121.590909,121.677561,
1453976880,121.585000,121.673810,
1453976940,121.548182,121.660732,
1453976940,121.544167,121.656905,
1453977000,121.511818,121.645122,
1453977000,121.507500,121.640714,
1453977060,121.474545,121.626098,
1453977060,121.475833,121.622857,
1453977120,121.419091,121.600488,
1453977120,121.407500,121.592857,
1453977180,121.399091,121.577805,
1453977180,121.390833,121.571190,
1453977240,121.349091,121.553902,
1453977240,121.331667,121.544048,
1453977300,121.291818,121.522683,
1453977300,121.285833,121.515476,
1453977360,121.255455,121.495854,
1453977360,121.817500,121.650714,
1453977420,121.825455,121.638293,
1453977420,121.777500,121.629048,
1453977480,121.837273,121.617561,
1453977480,121.801667,121.612619,
1453977540,121.849091,121.598049,
1453977540,121.805000,121.591429,
1453977600,121.896364,121.589268,
1453977600,121.862500,121.586905,
1453977660,121.952727,121.585610,
1453977660,121.918333,121.584524,
1453977720,121.388182,121.584390,
1453977720,121.399167,121.582857,
1453977780,121.432727,121.580976,
1453977780,121.435000,121.578095,
1453977840,121.441818,121.567561,
1453977840,121.444167,121.565238,
1453977900,121.475455,121.559756,
1453977900,121.482500,121.559762,
1453977960,121.477273,121.550732,
1453977960,121.475833,121.548571,
1453978020,121.460909,121.540244,
1453978020,121.460833,121.538333,
1453978080,121.442727,121.541220,
1453978080,121.436667,121.537143,
1453978140,121.444545,121.540244,
1453978140,121.457500,121.541667,
1453978200,121.471818,121.546341,
1453978200,121.483333,121.547857,
1453978260,121.476364,121.552683,
1453978260,121.482500,121.552619,
1453978320,121.493636,121.555122,
1453978320,121.498333,121.555000,
1453978380,121.503636,121.567317,
1453978380,121.501667,121.565238,
1453978440,121.520000,121.575366,
1453978440,121.515000,121.572619,
1453978500,121.484545,121.587805,
1453978500,121.471667,121.581667,
1453978560,121.438182,121.595122,
1453978560,121.436667,121.590952,
1453978620,121.411818,121.437317,
1453978620,121.410000,121.436190,
1453978680,121.387273,121.444878,
1453978680,121.390833,121.444524,
1453978740,121.393636,121.450000,
1453978740,121.410000,121.453333,
1453978800,121.403636,121.459268,
1453978800,121.405000,121.458333,
1453978860,121.430000,121.458780,
1453978860,121.437500,121.460238,
1453978920,121.453636,121.458293,
1453978920,121.460000,121.460000,
1453978980,121.486364,121.460488,
1453978980,121.494167,121.463333,
1453979040,121.511818,121.465366,
1453979040,121.514167,121.467143,
1453979100,121.503636,121.469512,
1453979100,121.510000,121.472143,
1453979160,121.545455,121.474634,
1453979160,121.559167,121.480238,
1453979220,121.580000,121.487805,
1453979220,121.591667,121.493333,
1453979280,121.612727,121.500732,
1453979280,121.620833,121.505714,
1453979340,121.639091,121.518293,
1453979340,121.649167,121.524048,
1453979400,121.678182,121.526585,
1453979400,121.683333,121.531667,
1453979460,121.708182,121.532195,
1453979460,121.709167,121.536667,
1453979520,121.721818,121.544390,
1453979520,121.733333,121.551905,
1453979580,121.736364,121.557073,
1453979580,121.736667,121.561429,
1453979640,121.749091,121.572195,
1453979640,121.755000,121.578095,
1453979700,121.760909,121.590244,
1453979700,121.766667,121.595952,
1453979760,121.771818,121.613659,
1453979760,121.775000,121.618333,
1453979820,121.784545,121.632439,
1453979820,121.783333,121.635714,
1453979880,121.775455,121.653415,
1453979880,121.781667,121.658095,
1453979940,121.792727,121.673415,
1453979940,121.795000,121.676905,
1453980000,121.791818,121.684634,
1453980000,121.794167,121.687857,
1453980060,121.793636,121.704878,
1453980060,121.798333,121.708333,
1453980120,121.796364,121.719024,
1453980120,121.794167,121.720238,
1453980180,121.794545,121.729756,
1453980180,121.790833,121.730238,
1453980240,121.777273,121.738049,
1453980240,121.775000,121.738333,
1453980300,121.774545,121.750732,
1453980300,121.780833,121.753095,
1453980360,121.782727,121.765366,
1453980360,121.790833,121.768095,
1453980420,121.770909,121.768780,
1453980420,121.764167,121.766905,
1453980480,121.760909,121.768780,
1453980480,121.759167,121.768095,
1453980540,121.748182,121.767073,
1453980540,121.737500,121.763571,
1453980600,121.717273,121.758780,
1453980600,121.702500,121.753571,
1453980660,121.660909,121.748780,
1453980660,121.650833,121.743810,
1453980720,121.607273,121.742195,
1453980720,121.608333,121.739286,
1453980780,121.597273,121.731220,
1453980780,121.601667,121.729286,
1453980840,121.571818,121.724634,
1453980840,121.570833,121.720714,
1453980900,121.558182,121.710976,
1453980900,121.556667,121.706905,
1453980960,121.550909,121.695366,
1453980960,121.543333,121.689762,
1453981020,121.527273,121.676585,
1453981020,121.514167,121.669286,
1453981080,121.472727,121.654878,
1453981080,121.457500,121.646190,
1453981140,121.406364,121.627317,
1453981140,121.398333,121.619762,
1453981200,121.358182,121.601707,
1453981200,121.352500,121.594286,
1453981260,121.315455,121.576341,
1453981260,121.315833,121.570238,
1453981320,121.282727,121.548780,
1453981320,121.280833,121.541905,
1453981380,121.262727,121.523659,
1453981380,121.262500,121.517381,
1453981440,121.259091,121.500000,
1453981440,121.260000,121.494524,
1453981500,121.253636,121.476098,
1453981500,121.253333,121.470714,
1453981560,121.242727,121.445366,
1453981560,121.238333,121.439286,
1453981620,121.220909,121.411951,
1453981620,121.218333,121.406667,
1453981680,121.201818,121.385610,
1453981680,121.193333,121.378810,
1453981740,121.180909,121.356341,
1453981740,121.181667,121.352381,
1453981800,121.167273,121.335610,
1453981800,121.169167,121.332143,
1453981860,121.151818,121.317317,
1453981860,121.151667,121.313333,
1453981920,121.144545,121.298293,
1453981920,121.145833,121.295000,
1453981980,121.148182,121.278293,
1453981980,121.156667,121.277619,
1453982040,121.175455,121.259024,
1453982040,121.181667,121.258810,
1453982100,121.183636,121.243171,
1453982100,121.186667,121.242619,
1453982160,121.184545,121.226829,
1453982160,121.183333,121.225476,
1453982220,121.180909,121.210488,
1453982220,121.174167,121.207857,
1453982280,121.180000,121.200000,
1453982280,121.182500,121.200238,
1453982340,121.162727,121.194146,
1453982340,121.158333,121.192143,
1453982400,121.130000,121.183415,
1453982400,121.122500,121.180000,
1453982460,121.102727,121.172927,
1453982460,121.103333,121.171429,
1453982520,121.088182,121.162195,
1453982520,121.086667,121.160000,
1453982580,121.093636,121.155854,
1453982580,121.099167,121.155952,
1453982640,121.096364,121.154146,
1453982640,121.110833,121.156905,
1453982700,121.129091,121.155366,
1453982700,121.145000,121.159286,
1453982760,121.189091,121.160976,
1453982760,121.209167,121.167381,
1453982820,121.243636,121.171220,
1453982820,121.257500,121.176905,
1453982880,121.302727,121.181220,
1453982880,121.309167,121.185952,
1453982940,121.348182,121.196585,
1453982940,121.358333,121.203095,
1453983000,121.380000,121.209512,
1453983000,121.385000,121.215000,
1453983060,121.401818,121.221463,
1453983060,121.404167,121.226429,
1453983120,121.404545,121.235610,
1453983120,121.407500,121.240476,
1453983180,121.424545,121.252439,
1453983180,121.438333,121.260476,
1453983240,121.461818,121.268537,
1453983240,121.473333,121.276429,
1453983300,121.481818,121.284146,
1453983300,121.488333,121.290714,
1453983360,121.500909,121.300000,
1453983360,121.503333,121.305476,
1453983420,121.523636,121.318780,
1453983420,121.530000,121.325476,
1453983480,121.551818,121.343415,
1453983480,121.554167,121.349048,
1453983540,121.548182,121.360488,
1453983540,121.548333,121.365000,
1453983600,121.531818,121.379512,
1453983600,121.525000,121.381190,
1453983660,121.528182,121.403659,
1453983660,121.537500,121.409286,
1453983720,121.548182,121.429756,
1453983720,121.556667,121.435000,
1453983780,121.564545,121.459512,
1453983780,121.577500,121.465714,
1453983840,121.591818,121.487317,
1453983840,121.605833,121.493810,
1453983900,121.633636,121.511463,
1453983900,121.648333,121.518571,
1453983960,121.697273,121.535122,
1453983960,121.707500,121.541905,
1453984020,121.730000,121.553902,
1453984020,121.735000,121.559524,
1453984080,121.763636,121.575122,
1453984080,121.773333,121.582381,
1453984140,121.787273,121.597805,
1453984140,121.790833,121.603333,
1453984200,121.806364,121.617317,
1453984200,121.815833,121.624524,
1453984260,121.818182,121.638049,
1453984260,121.819167,121.642619,
1453984320,121.839091,121.661951,
1453984320,121.855000,121.670714,
1453984380,121.885455,121.691463,
1453984380,121.900833,121.700476,
1453984440,121.922727,121.715854,
1453984440,121.937500,121.725000,
1453984500,121.983636,121.743415,
1453984500,122.005000,121.755238,
1453984560,122.064545,121.782439,
1453984560,122.099167,121.799048,
1453984620,122.175455,121.826341,
1453984620,122.193333,121.839762,
1453984680,122.238182,121.864146,
1453984680,122.246667,121.875476,
1453984740,122.294545,121.902683,
1453984740,122.303333,121.914524,
1453984800,122.352727,121.945122,
1453984800,122.357500,121.956190,
1453984860,122.393636,121.993902,
1453984860,122.401667,122.005714,
1453984920,122.397273,122.036098,
1453984920,122.406667,122.047381,
1453984980,122.418182,122.077805,
1453984980,122.425000,122.087857,
1453985040,122.437273,122.113415,
1453985040,122.433333,122.120000,
1453985100,122.431818,122.143659,
1453985100,122.425000,122.148571,
1453985160,122.423636,122.171707,
1453985160,122.421667,122.177143,
1453985220,122.406364,122.200488,
1453985220,122.406667,122.205476,
1453985280,122.393636,122.231707,
1453985280,122.399167,122.237143,
1453985340,122.393636,122.261951,
1453985340,122.403333,122.267857,
1453985400,122.400000,122.291463,
1453985400,122.395000,122.292619,
1453985460,122.405455,122.314878,
1453985460,122.408333,122.317857,
1453985520,122.406364,122.343415,
1453985520,122.403333,122.344048,
1453985580,122.391818,122.358049,
1453985580,122.382500,122.356190,
1453985640,122.363636,122.369512,
1453985640,122.360833,122.368571,
1453985700,122.325455,122.380000,
1453985700,122.323333,122.378095,
1453985760,122.322727,122.384878,
1453985760,122.325833,122.384286,
1453985820,122.301818,122.377561,
1453985820,122.300833,122.375476,
1453985880,122.282727,122.371707,
1453985880,122.278333,122.368333,
1453985940,122.278182,122.367317,
1453985940,122.276667,122.364762,
1453986000,122.270909,122.361463,
1453986000,122.274167,122.360238,
1453986060,122.266364,122.354146,
1453986060,122.263333,122.351190,
1453986120,122.228182,122.337317,
1453986120,122.220833,122.332619,
1453986180,122.198182,122.318780,
1453986180,122.191667,122.314048,
1453986240,122.185455,122.302683,
1453986240,122.188333,122.300714,
1453986300,122.178182,122.294634,
1453986300,122.183333,122.293333,
1453986360,122.169091,122.290000,
1453986360,122.176667,122.289286,
1453986420,122.180000,122.284634,
1453986420,122.191667,122.285476,
1453986480,122.212727,122.278780,
1453986480,122.216667,122.278333,
1453986540,122.239091,122.269024,
1453986540,122.241667,122.269048,
1453986600,122.254545,122.258293,
1453986600,122.258333,122.259286,
1453986660,122.278182,122.259512,
1453986660,122.290833,122.263571,
1453986720,122.310909,122.260244,
1453986720,122.325833,122.265714,
1453986780,122.341818,122.266098,
1453986780,122.354167,122.271429,
1453986840,122.389091,122.277561,
1453986840,122.400000,122.283333,
1453986900,122.434545,122.286585,
1453986900,122.441667,122.292143,
1453986960,122.461818,122.294878,
1453986960,122.458333,122.297857,
1453987020,122.449091,122.295122,
1453987020,122.437500,122.295476,
1453987080,122.420909,122.297073,
1453987080,122.415833,122.298571,
1453987140,122.383636,122.299512,
1453987140,122.369167,122.297381,
1453987200,122.320909,122.295366,
1453987200,122.307500,122.292143,
1453987260,122.266364,122.290488,
1453987260,122.268333,122.290476,
1453987320,122.230000,122.289756,
1453987320,122.222500,122.286190,
1453987380,122.189091,122.288780,
1453987380,122.178333,122.283333,
1453987440,122.116364,122.280976,
1453987440,122.095000,122.270952,
1453987500,122.060909,122.265854,
1453987500,122.052500,122.258571,
1453987560,122.014545,122.249512,
1453987560,122.001667,122.240238,
1453987620,121.946364,122.231463,
1453987620,121.947500,122.225000,
1453987680,121.915455,122.214390,
1453987680,121.921667,122.209048,
1453987740,121.898182,122.199512,
1453987740,121.900000,122.192857,
1453987800,121.920909,122.185610,
1453987800,121.931667,122.182381,
1453987860,121.934545,122.171707,
1453987860,121.940833,122.167857,
1453987920,121.969091,122.152683,
1453987920,121.977500,122.150714,
1453987980,122.001818,122.135610,
1453987980,122.020833,122.137857,
1453988040,122.042727,122.121951,
1453988040,122.054167,122.123333,
1453988100,122.096364,122.106341,
1453988100,122.110833,122.110238,
1453988160,122.137273,122.094390,
1453988160,122.146667,122.098095,
1453988220,122.189091,122.088537,
1453988220,122.202500,122.094762,
1453988280,122.238182,122.090244,
1453988280,122.245000,122.095714,
1453988340,122.256364,122.088293,
1453988340,122.260000,122.093333,
1453988400,122.282727,122.094146,
1453988400,122.287500,122.100000,
1453988460,122.296364,122.102439,
1453988460,122.299167,122.107857,
1453988520,122.297273,122.101707,
1453988520,122.290833,122.104524,
1453988580,122.265455,122.103171,
1453988580,122.252500,122.103333,
1453988640,122.235455,122.109024,
1453988640,122.234167,122.111667,
1453988700,122.229091,122.129268,
1453988700,122.235833,122.133571,
1453988760,122.226364,122.147805,
1453988760,122.239167,122.153333,
1453988820,122.232727,122.172439,
1453988820,122.240833,122.176190,
1453988880,122.258182,122.191707,
1453988880,122.265000,122.195238,
1453988940,122.295455,122.208049,
1453988940,122.295000,122.210000,
1453989000,122.314545,122.228049,
1453989000,122.316667,122.230714,
1453989060,122.306364,122.239024,
1453989060,122.296667,122.237857,
1453989120,122.263636,122.245122,
1453989120,122.248333,122.241190,
1453989180,122.216364,122.245122,
1453989180,122.203333,122.240714,
1453989240,122.161818,122.237317,
1453989240,122.150833,122.232381,
1453989300,122.130000,122.234146,
1453989300,122.135000,122.233095,
1453989360,122.103636,122.231707,
1453989360,122.113333,122.231429,
1453989420,122.108182,122.229756,
1453989420,122.118333,122.229762,
1453989480,122.144545,122.226585,
1453989480,122.160833,122.229286,
1453989540,122.169091,122.220244,
1453989540,122.160833,122.216667,
1453989600,122.167273,122.206829,
1453989600,122.151667,122.201429,
1453989660,122.132727,122.190244,
1453989660,122.123333,122.186190,
1453989720,122.098182,122.175854,
1453989720,122.091667,122.172143,
1453989780,122.073636,122.170000,
1453989780,122.078333,122.169048,
1453989840,122.030909,122.169268,
1453989840,122.032500,122.166429,
1453989900,122.037273,122.163415,
1453989900,122.046667,122.163095,
1453989960,122.065455,122.154878,
1453989960,122.070833,122.154286,
1453990020,122.090000,122.144878,
1453990020,122.099167,122.146190,
1453990080,122.109091,122.135122,
1453990080,122.105833,122.133571,
1453990140,122.092727,122.120488,
1453990140,122.087500,122.118333,
1453990200,122.103636,122.111951,
1453990200,122.110000,122.113571,
1453990260,122.102727,122.101951,
1453990260,122.102500,122.101905,
1453990320,122.100909,122.098293,
1453990320,122.102500,122.098810,
1453990380,122.090000,122.101220,
1453990380,122.094167,122.102143,
1453990440,122.111818,122.107317,
1453990440,122.120833,122.110000,
1453990500,122.150909,122.117561,
1453990500,122.160000,122.120952,
1453990560,122.164545,122.120976,
1453990560,122.173333,122.124524,
1453990620,122.200000,122.124878,
1453990620,122.210833,122.129762,
1453990680,122.234545,122.129512,
1453990680,122.239167,122.133333,
1453990740,122.254545,122.125854,
1453990740,122.252500,122.128333,
1453990800,122.254545,122.133902,
1453990800,122.250833,122.135714,
1453990860,122.250909,122.146829,
1453990860,122.253333,122.150000,
1453990920,122.265455,122.162683,
1453990920,122.279167,122.169048,
1453990980,122.283636,122.182195,
1453990980,122.294167,122.187619,
1453991040,122.315455,122.198293,
1453991040,122.332500,122.205952,
1453991100,122.363636,122.219512,
1453991100,122.370833,122.225000,
1453991160,122.408182,122.234878,
1453991160,122.413333,122.240476,
1453991220,122.440000,122.250976,
1453991220,122.440833,122.255714,
1453991280,122.442727,122.262927,
1453991280,122.441667,122.266905,
1453991340,122.452727,122.282683,
1453991340,122.459167,122.288571,
1453991400,122.457273,122.308049,
1453991400,122.466667,122.314286,
1453991460,122.480909,122.327317,
1453991460,122.490833,122.333810,
1453991520,122.504545,122.351707,
1453991520,122.512500,122.357619,
1453991580,122.527273,122.373415,
1453991580,122.529167,122.377619,
1453991640,122.550000,122.393415,
1453991640,122.550833,122.397381,
1453991700,122.551818,122.408293,
1453991700,122.546667,122.410238,
1453991760,122.534545,122.418537,
1453991760,122.528333,122.419524,
1453991820,122.509091,122.427805,
1453991820,122.505000,122.428571,
1453991880,122.485455,122.434878,
1453991880,122.484167,122.435714,
1453991940,122.470000,122.442927,
1453991940,122.469167,122.443333,
1453992000,122.448182,122.453415,
1453992000,122.445000,122.452381,
1453992060,122.436364,122.463902,
1453992060,122.436667,122.463333,
1453992120,122.428182,122.470488,
1453992120,122.424167,122.468333,
1453992180,122.420909,122.470244,
1453992180,122.424167,122.470000,
1453992240,122.404545,122.468780,
1453992240,122.396667,122.465000,
1453992300,122.375455,122.457561,
1453992300,122.368333,122.453571,
1453992360,122.357273,122.450732,
1453992360,122.355000,122.447857,
1453992420,122.334545,122.443415,
1453992420,122.330833,122.439762,
1453992480,122.316364,122.435610,
1453992480,122.313333,122.431905,
1453992540,122.282727,122.428049,
1453992540,122.284167,122.425000,
1453992600,122.277273,122.416341,
1453992600,122.275000,122.412381,
1453992660,122.272727,122.401220,
1453992660,122.273333,122.398333,
1453992720,122.261818,122.385366,
1453992720,122.261667,122.382381,
1453992780,122.256364,122.369268,
1453992780,122.257500,122.366905,
1453992840,122.256364,122.356341,
1453992840,122.259167,122.354762,
1453992900,122.257273,122.343171,
1453992900,122.259167,122.341667,
1453992960,122.261818,122.332683,
1453992960,122.263333,122.331429,
1453993020,122.263636,122.324146,
1453993020,122.264167,122.322857,
1453993080,122.268182,122.315854,
1453993080,122.270833,122.315476,
1453993140,122.271818,122.307073,
1453993140,122.273333,122.306667,
1453993200,122.267273,122.297805,
1453993200,122.265833,122.296667,
1453993260,122.262727,122.290244,
1453993260,122.264167,122.290000,
1453993320,122.268182,122.283659,
1453993320,122.274167,122.285000,
1453993380,122.262727,122.277073,
1453993380,122.255000,122.274524,
1453993440,122.242727,122.264146,
1453993440,122.241667,122.263333,
1453993500,122.230909,122.260000,
1453993500,122.229167,122.258810,
1453993560,122.241818,122.260976,
1453993560,122.254167,122.264048,
1453993620,122.246364,122.259268,
1453993620,122.244167,122.258333,
1453993680,122.225455,122.255610,
1453993680,122.225000,122.254762,
1453993740,122.243636,122.254878,
1453993740,122.247500,122.255714,
1453993800,122.266364,122.258049,
1453993800,122.278333,122.261667,
1453993860,122.318182,122.270000,
1453993860,122.341667,122.277857,
1453993920,122.369091,122.289512,
1453993920,122.401667,122.300714,
1453993980,122.472727,122.314878,
1453993980,122.502500,122.327143,
1453994040,122.572727,122.339268,
1453994040,122.585833,122.348571,
1453994100,122.650000,122.360488,
1453994100,122.655000,122.368810,
1453994160,122.709091,122.382439,
1453994160,122.714167,122.391667,
1453994220,122.742727,122.406829,
1453994220,122.745833,122.415714,
1453994280,122.738182,122.428780,
1453994280,122.734167,122.435000,
1453994340,122.715455,122.447805,
1453994340,122.714167,122.453810,
1453994400,122.702727,122.465610,
1453994400,122.695000,122.469048,
1453994460,122.671818,122.480244,
1453994460,122.656667,122.480476,
1453994520,122.628182,122.492439,
1453994520,122.621667,122.493810,
1453994580,122.585455,122.502683,
1453994580,122.582500,122.503810,
1453994640,122.558182,122.520732,
1453994640,122.555833,122.520952,
1453994700,122.526364,122.535366,
1453994700,122.525000,122.534762,
1453994760,122.506364,122.549268,
1453994760,122.505000,122.547857,
1453994820,122.502727,122.552683,
1453994820,122.497500,122.550000,
1453994880,122.473636,122.561463,
1453994880,122.462500,122.556190,
1453994940,122.435455,122.567073,
1453994940,122.428333,122.561905,
1453995000,122.404545,122.569756,
1453995000,122.401667,122.565000,
1453995060,122.384545,122.569512,
1453995060,122.389167,122.566429,
1453995120,122.378182,122.562683,
1453995120,122.384167,122.560000,
1453995180,122.380000,122.547805,
1453995180,122.385000,122.545238,
1453995240,122.399091,122.529756,
1453995240,122.404167,122.528095,
1453995300,122.418182,122.516341,
1453995300,122.419167,122.514286,
1453995360,122.438182,122.504634,
1453995360,122.444167,122.504762,
1453995420,122.452727,122.492683,
1453995420,122.460000,122.493810,
1453995480,122.482727,122.484878,
1453995480,122.502500,122.490476,
1453995540,122.528182,122.485366,
1453995540,122.540833,122.490000,
1453995600,122.557273,122.481463,
1453995600,122.557500,122.483333,
1453995660,122.588182,122.481220,
1453995660,122.591667,122.484762,
1453995720,122.596364,122.484878,
1453995720,122.585833,122.484524,
1453995780,122.589091,122.481951,
1453995780,122.583333,122.482857,
1453995840,122.552727,122.480244,
1453995840,122.549167,122.480952,
1453995900,122.502727,122.474146,
1453995900,122.486667,122.470238,
1453995960,122.463636,122.465854,
1453995960,122.456667,122.463810,
1453996020,122.410000,122.458780,
1453996020,122.402500,122.455476,
1453996080,122.383636,122.453659,
1453996080,122.380833,122.451190,
1453996140,122.357273,122.455122,
1453996140,122.360833,122.453810,
1453996200,122.338182,122.458049,
1453996200,122.342500,122.456429,
1453996260,122.350909,122.458293,
1453996260,122.350000,122.455476,
1453996320,122.348182,122.454634,
1453996320,122.351667,122.453095,
1453996380,122.357273,122.450000,
1453996380,122.354167,122.446905,
1453996440,122.351818,122.443902,
1453996440,122.347500,122.440476,
1453996500,122.330909,122.435366,
1453996500,122.325833,122.431429,
1453996560,122.313636,122.429024,
1453996560,122.314167,122.426429,
1453996620,122.308182,122.419268,
1453996620,122.307500,122.416429,
1453996680,122.296364,122.409024,
1453996680,122.300000,122.407381,
1453996740,122.297273,122.390488,
1453996740,122.299167,122.388810,
1453996800,122.290909,122.370976,
1453996800,122.285833,122.367619,
1453996860,122.283636,122.354878,
1453996860,122.279167,122.351905,
1453996920,122.265455,122.334878,
1453996920,122.262500,122.332381,
1453996980,122.251818,122.322683,
1453996980,122.250000,122.320476,
1453997040,122.230909,122.308537,
1453997040,122.230833,122.306667,
1453997100,122.213636,122.294878,
1453997100,122.215000,122.293333,
1453997160,122.195455,122.286585,
1453997160,122.429167,122.351190,
1453997220,122.429091,122.341951,
1453997220,122.643333,122.405238,
1453997280,122.662727,122.400488,
1453997280,122.857500,122.462381,
1453997340,122.896364,122.457317,
1453997340,123.071667,122.517857,
1453997400,123.130000,122.511707,
1453997400,123.202500,122.547143,
1453997460,123.272727,122.541707,
1453997460,123.333333,122.576429,
1453997520,123.181818,122.574390,
1453997520,123.250000,122.608333,
1453997580,123.090909,122.604878,
1453997580,123.166667,122.638095,
1453997640,123.000000,122.638293,
1453997640,123.083333,122.670714,
1453997700,122.909091,122.672683,
1453997700,123.000000,122.704286,
1453997760,122.909091,122.709024,
1453997760,123.000000,122.739762,
1453997820,122.909091,122.742439,
1453997820,122.851667,122.730000,
1453997880,122.747273,122.733659,
1453997880,122.703333,122.721429,
1453997940,122.598182,122.726341,
1453997940,122.566667,122.714286,
1453998000,122.449091,122.720000,
1453998000,122.430000,122.708095,
1453998060,122.300000,122.718293,
1453998060,122.293333,122.706429,
1453998120,122.093636,122.701220,
1453998120,122.104167,122.689762,
1453998180,122.049091,122.684146,
1453998180,122.063333,122.673095,
1453998240,122.004545,122.667073,
1453998240,122.022500,122.656429,
1453998300,121.947273,122.650000,
1453998300,121.970000,122.639762,
1453998360,121.890000,122.632927,
1453998360,121.917500,122.623095,
1453998420,121.832727,122.553171,
1453998420,121.865000,122.545238,
1453998480,121.832727,122.473415,
1453998480,121.865000,122.467381,
1453998540,121.832727,122.393659,
1453998540,121.865000,122.389524,
1453998600,121.832727,122.313902,
1453998600,121.865000,122.311667,
1453998660,121.832727,122.258537,
1453998660,121.865000,122.257619,
1453998720,121.832727,122.203171,
1453998720,121.865000,122.203571,
1453998780,121.832727,122.147805,
1453998780,121.865000,122.149524,
1453998840,121.832727,122.092439,
1453998840,121.863333,122.095000,
1453998900,121.830909,122.036585,
1453998900,121.861667,122.040476,
1453998960,121.829091,121.980732,
1453998960,121.860000,121.985952,
1453999020,121.827273,121.924878,
1453999020,121.858333,121.931429,
1453999080,121.825455,121.912439,
1453999080,121.856667,121.919286,
1453999140,121.824545,121.900244,
1453999140,121.855833,121.907381,
1453999200,121.825455,121.884634,
1453999200,121.856667,121.892143,
1453999260,121.826364,121.869024,
1453999260,121.857500,121.876905,
1453999320,121.827273,121.853415,
1453999320,121.858333,121.861667,
1453999380,121.830000,121.853659,
1453999380,121.860833,121.861905,
1453999440,121.832727,121.853902,
1453999440,121.863333,121.862143,
1453999500,121.834545,121.854146,
1453999500,121.865000,121.862381,
1453999560,121.838182,121.854878,
1453999560,121.868333,121.863095,
1453999620,121.841818,121.855610,
1453999620,121.871667,121.863810,
1453999680,121.845455,121.856341,
1453999680,121.875000,121.864524,
1453999740,121.847273,121.857073,
1453999740,121.876667,121.865238,
1453999800,121.850909,121.858293,
1453999800,121.880000,121.866429,
1453999860,121.854545,121.859512,
1453999860,121.883333,121.867619,
1453999920,121.856364,121.860732,
1453999920,121.885000,121.868810,
1453999980,121.860000,121.862439,
1453999980,121.888333,121.870476,
1454000040,121.863636,121.864146,
1454000040,121.891667,121.872143,
1454000100,121.867273,121.866341,
1454000100,121.895000,121.874286,
1454000160,121.860909,121.866341,
1454000160,121.889167,121.874286,
1454000220,121.856364,121.866829,
1454000220,121.885000,121.874762,
1454000280,121.851818,121.867317,
1454000280,121.880833,121.875238,
1454000340,121.845455,121.867805,
1454000340,121.875000,121.875714,
1454000400,121.840909,121.868537,
1454000400,121.870833,121.876429,
1454000460,121.836364,121.869268,
1454000460,121.866667,121.877143,
1454000520,121.840000,121.870000,
1454000520,121.870000,121.877857,
1454000580,121.841818,121.870732,
1454000580,121.871667,121.878571,
1454000640,121.843636,121.870976,
1454000640,121.873333,121.878810,
1454000700,121.845455,121.871220,
1454000700,121.875000,121.879048,
1454000760,121.845455,121.871463,
1454000760,121.875000,121.879286,
1454000820,121.845455,121.871220,
1454000820,121.875000,121.879048,
1454000880,121.845455,121.870976,
1454000880,121.875000,121.878810,
1454000940,121.845455,121.870732,
1454000940,121.875000,121.878571,
1454001000,121.845455,121.870488,
1454001000,121.875000,121.878333,
1454001060,121.841818,121.868780,
1454001060,121.871667,121.876667,
1454001120,121.838182,121.867073,
1454001120,121.868333,121.875000,
1454001180,121.834545,121.865366,
1454001180,121.864167,121.873095,
1454001240,121.830000,121.862927,
1454001240,121.860000,121.870714,
1454001300,121.825455,121.860488,
1454001300,121.855833,121.868333,
1454001360,121.820909,121.858049,
1454001360,121.851667,121.865952,
1454001420,121.820000,121.857805,
1454001420,121.850833,121.865714,
1454001480,121.819091,121.857073,
1454001480,121.850000,121.865000,
1454001540,121.819091,121.856341,
1454001540,121.850833,121.864524,
1454001600,121.820000,121.855854,
1454001600,121.843333,121.861667,
1454001660,121.811818,121.852439,
1454001660,121.835833,121.858333,
1454001720,121.804545,121.849268,
1454001720,121.829167,121.855238,
1454001780,121.797273,121.846098,
1454001780,121.822500,121.852143,
1454001840,121.790000,121.842927,
1454001840,121.815833,121.849048,
1454001900,121.780909,121.839512,
1454001900,121.807500,121.845714,
1454001960,121.781818,121.836341,
1454001960,121.808333,121.842619,
1454002020,121.782727,121.833171,
1454002020,121.809167,121.839524,
1454002080,121.782727,121.830000,
1454002080,121.809167,121.836429,
1454002140,121.782727,121.826829,
1454002140,121.809167,121.833333,
1454002200,121.782727,121.823659,
1454002200,121.809167,121.830238,
1454002260,121.783636,121.820488,
1454002260,121.810000,121.827143,
1454002320,121.783636,121.818293,
1454002320,121.810000,121.825000,
1454002380,121.783636,121.816098,
1454002380,121.810000,121.822857,
1454002440,121.783636,121.814146,
1454002440,121.810000,121.820952,
1454002500,121.783636,121.812195,
1454002500,121.810000,121.819048,
1454002560,121.782727,121.810000,
1454002560,121.809167,121.816905,
1454002620,121.781818,121.807805,
1454002620,121.800000,121.812381,
1454002680,121.771818,121.803171,
1454002680,121.790833,121.807857,
1454002740,121.761818,121.798537,
1454002740,121.781667,121.803333,
1454002800,121.751818,121.793659,
1454002800,121.772500,121.798571,
1454002860,121.741818,121.791220,
1454002860,121.763333,121.796190,
1454002920,121.732727,121.788780,
1454002920,121.755000,121.793810,
1454002980,121.732727,121.786098,
1454002980,121.755000,121.791190,
1454003040,121.732727,121.783415,
1454003040,121.755000,121.788571,
1454003100,121.732727,121.780732,
1454003100,121.755000,121.785952,
1454003160,121.732727,121.778293,
1454003160,121.755000,121.783571,
1454003220,121.732727,121.775610,
1454003220,121.755000,121.780952,
1454003280,121.732727,121.772927,
1454003280,121.755000,121.778333,
1454003340,121.732727,121.770244,
1454003340,121.755000,121.775714,
1454003400,121.732727,121.767561,
1454003400,121.755000,121.773095,
1454003460,121.732727,121.764878,
1454003460,121.755000,121.770476,
1454003520,121.732727,121.762195,
1454003520,121.755000,121.767857,
1454003580,121.732727,121.759512,
1454003580,121.755000,121.765238,
1454003640,121.732727,121.756829,
1454003640,121.755000,121.762619,
1454003700,121.732727,121.754146,
1454003700,121.755000,121.760000,
1454003760,121.732727,121.751463,
1454003760,121.755000,121.757381,
1454003820,121.732727,121.749024,
1454003820,121.755000,121.755000,
1454003880,121.732727,121.749024,
1454003880,121.755000,121.755000,
1454003940,121.732727,121.749024,
1454003940,121.755000,121.755000,
1454004000,121.732727,121.749024,
1454004000,121.755000,121.755000,
1454004060,121.732727,121.749024,
1454004060,121.755000,121.755000,
1454004120,121.732727,121.749024,
1454004120,121.755000,121.755000,
1454004180,121.732727,121.749024,
1454004180,121.755000,121.755000,
1454004240,121.732727,121.749024,
1454004240,121.755000,121.755000,
1454004300,121.732727,121.749024,
1454004300,121.755000,121.755000,
1454004360,121.732727,121.749024,
1454004360,121.755000,121.755000,
1454004420,121.732727,121.749024,
1454004420,121.755000,121.755000,
1454004480,121.732727,121.749024,
1454004480,121.755000,121.755000,
1454004540,121.732727,121.749024,
1454004540,121.755000,121.755000,
1454004600,121.732727,121.749024,
1454004600,121.755000,121.755000,
1454004660,121.732727,121.749024,
1454004660,121.755000,121.755000,
1454004720,121.732727,121.749024,
1454004720,121.755000,121.755000,
1454004780,121.732727,121.749024,
1454004780,121.755000,121.755000,
1454004840,121.732727,121.749024,
1454004840,121.755000,121.755000,
1454004900,121.732727,121.749024,
1454004900,121.755000,121.755000,
1454004960,121.732727,121.749024,
1454004960,121.755000,121.755000,
1454005020,121.732727,121.749024,
1454005020,121.755000,121.755000,
1454005080,121.732727,121.749024,
1454005080,121.755000,121.755000,
1454005140,121.732727,121.749024,
1454005140,121.755000,121.755000,
1454005200,121.732727,121.749024,
1454005200,121.763333,121.757381,
1454005260,121.741818,121.751463,
1454005260,121.771667,121.759762,
1454005320,121.750909,121.753902,
1454005320,121.780000,121.762143,
1454005380,121.760000,121.756341,
1454005380,121.788333,121.764524,
1454005440,121.769091,121.758780,
1454005440,121.796667,121.766905,
1454005500,121.778182,121.761220,
1454005500,121.805000,121.769286,
1454005560,121.778182,121.763659,
1454005560,121.805000,121.771667,
1454005620,121.778182,121.766098,
1454005620,121.805000,121.774048,
1454005680,121.778182,121.768537,
1454005680,121.805000,121.776429,
1454005740,121.778182,121.770976,
1454005740,121.805000,121.778810,
1454005800,121.778182,121.773415,
1454005800,121.805000,121.781190,
1454005860,121.778182,121.775854,
1454005860,121.805000,121.783571,
1454005920,121.778182,121.778293,
1454005920,121.805000,121.785952,
1454005980,121.778182,121.780732,
1454005980,121.805000,121.788333,
1454006040,121.778182,121.783171,
1454006040,121.805000,121.790714,
1454006100,121.778182,121.785610,
1454006100,121.805000,121.793095,
1454006160,121.778182,121.788049,
1454006160,121.805000,121.795476,
1454006220,121.778182,121.790488,
1454006220,121.805000,121.797857,
1454006280,121.778182,121.792927,
1454006280,121.805000,121.800238,
1454006340,121.778182,121.795366,
1454006340,121.805000,121.802619,
1454006400,121.778182,121.797805,
1454006400,121.805000,121.805000,
1454006460,121.778182,121.797805,
1454006460,121.805000,121.805000,
1454006520,121.778182,121.797805,
1454006520,121.805000,121.805000,
1454006580,121.778182,121.797805,
1454006580,121.805000,121.805000,
1454006640,121.778182,121.797805,
1454006640,121.805000,121.805000,
1454006700,121.778182,121.797805,
1454006700,121.805000,121.805000,
1454006760,121.778182,121.797805,
1454006760,121.805000,121.805000,
1454006820,121.778182,121.797805,
1454006820,121.805000,121.805000,
1454006880,121.778182,121.797805,
1454006880,121.805000,121.805000,
1454006940,121.778182,121.797805,
1454006940,121.805000,121.805000,
1454007000,121.778182,121.797805,
1454007000,121.805000,121.805000,
1454007060,121.778182,121.797805,
1454007060,121.805000,121.805000,
1454007120,121.778182,121.797805,
1454007120,121.805000,121.805000,
1454007180,121.778182,121.797805,
1454007180,121.805000,121.805000,
1454007240,121.778182,121.797805,
1454007240,121.805000,121.805000,
1454007300,121.778182,121.797805,
1454007300,121.805000,121.805000,
1454007360,121.778182,121.797805,
1454007360,121.805000,121.805000,
1454007420,121.778182,121.797805,
1454007420,121.805000,121.805000,
1454007480,121.778182,121.797805,
1454007480,121.805000,121.805000,
1454007540,121.778182,121.797805,
1454007540,121.805000,121.805000,
1454007600,121.778182,121.797805,
1454007600,121.805000,121.805000,
1454007660,121.778182,121.797805,
1454007660,121.805000,121.805000,
1454007720,121.778182,121.797805,
1454007720,121.805000,121.805000,
1454007780,121.786364,121.800000,
1454007780,121.812500,121.807143,
1454007840,121.794545,121.802195,
1454007840,121.819167,121.809048,
1454007900,121.801818,121.804146,
1454007900,121.825833,121.810952,
1454007960,121.809091,121.806098,
1454007960,121.832500,121.812857,
1454008020,121.816364,121.808049,
1454008020,121.839167,121.814762,
1454008080,121.823636,121.810000,
1454008080,121.845833,121.816667,
1454008140,121.822727,121.811951,
1454008140,121.845000,121.818571,
1454008200,121.822727,121.813902,
1454008200,121.845000,121.820476,
1454008260,121.822727,121.815854,
1454008260,121.845000,121.822381,
1454008320,121.822727,121.817805,
1454008320,121.845000,121.824286,
1454008380,121.823636,121.820000,
1454008380,121.846667,121.826667,
1454008440,121.824545,121.822195,
1454008440,121.847500,121.828810,
1454008500,121.825455,121.824390,
1454008500,121.848333,121.830952,
1454008560,121.826364,121.826585,
1454008560,121.849167,121.833095,
1454008620,121.827273,121.828780,
1454008620,121.849167,121.835000,
1454008680,121.827273,121.830732,
1454008680,121.850000,121.837143,
1454008740,121.826364,121.832927,
1454008740,121.849167,121.839286,
1454008800,121.826364,121.835122,
1454008800,121.849167,121.841429,
1454008860,121.826364,121.837317,
1454008860,121.849167,121.843571,
1454008920,121.826364,121.839512,
1454008920,121.849167,121.845714,
1454008980,121.827273,121.841707,
1454008980,121.850000,121.847857,
1454009040,121.827273,121.841707,
1454009040,121.850000,121.847857,
1454009100,121.827273,121.841951,
1454009100,121.850000,121.848095,
1454009160,121.827273,121.842195,
1454009160,121.850000,121.848333,
1454009220,121.827273,121.842439,
1454009220,121.850000,121.848571,
1454009280,121.827273,121.842683,
1454009280,121.850000,121.848810,
1454009340,121.827273,121.842927,
1454009340,121.850000,121.849048,
1454009400,121.827273,121.843171,
1454009400,121.850000,121.849286,
1454009460,121.827273,121.843415,
1454009460,121.850000,121.849524,
1454009520,121.827273,121.843659,
1454009520,121.850000,121.849762,
1454009580,121.827273,121.843902,
1454009580,121.850000,121.850000,
1454009640,121.827273,121.843659,
1454009640,121.850000,121.849762,
1454009700,121.827273,121.843659,
1454009700,121.850000,121.849762,
1454009760,121.827273,121.843659,
1454009760,121.850000,121.849762,
1454009820,121.827273,121.843659,
1454009820,121.850000,121.849762,
1454009880,121.827273,121.843902,
1454009880,121.850000,121.850000,
1454009940,121.827273,121.843902,
1454009940,121.850000,121.850000,
1454010000,121.827273,121.843902,
1454010000,121.850000,121.850000,
1454010060,121.827273,121.843902,
1454010060,121.850000,121.850000,
1454010120,121.827273,121.843902,
1454010120,121.850000,121.850000,
1454010180,121.827273,121.843902,
1454010180,121.850000,121.850000,
1454010240,121.827273,121.843902,
1454010240,121.850000,121.850000,
1454010300,121.827273,121.843902,
1454010300,121.850000,121.850000,
1454010360,121.827273,121.843902,
1454010360,121.850000,121.850000,
1454010420,121.827273,121.843902,
1454010420,121.850000,121.850000,
1454010480,121.827273,121.843902,
1454010480,121.850000,121.850000,
1454010540,121.827273,121.843902,
1454010540,121.850000,121.850000,
1454010600,121.827273,121.843902,
1454010600,121.850000,121.850000,
1454010660,121.827273,121.843902,
1454010660,121.850000,121.850000,
1454010720,121.827273,121.843902,
1454010720,121.850000,121.850000,
1454010780,121.827273,121.843902,
1454010780,121.850000,121.850000,
1454010840,121.827273,121.843902,
1454010840,121.850000,121.850000,
1454010900,121.827273,121.843902,
1454010900,121.850000,121.850000,
1454010960,121.827273,121.843902,
1454010960,121.850000,121.850000,
1454011020,121.827273,121.843902,
1454011020,121.850000,121.850000,
1454011080,121.827273,121.843902,
1454011080,121.850000,121.850000,
1454011140,121.827273,121.843902,
1454011140,121.850000,121.850000,
1454011200,121.827273,121.843902,
1454011200,121.858333,121.852381,
